{"Assets/Images/AC.jpg":["Assets/Images/AC.jpg"],"Assets/Images/AC1.jpg":["Assets/Images/AC1.jpg"],"Assets/Images/AC2.jpg":["Assets/Images/AC2.jpg"],"Assets/Images/AC3.jpg":["Assets/Images/AC3.jpg"],"Assets/Images/AC4.jpg":["Assets/Images/AC4.jpg"],"Assets/Images/AC5.jpg":["Assets/Images/AC5.jpg"],"Assets/Images/Construction.jpg":["Assets/Images/Construction.jpg"],"Assets/Images/Dashboard.jpg":["Assets/Images/Dashboard.jpg"],"Assets/Images/Electrican.jpg":["Assets/Images/Electrican.jpg"],"Assets/Images/Electrican1.jpg":["Assets/Images/Electrican1.jpg"],"Assets/Images/Electrican10.jpg":["Assets/Images/Electrican10.jpg"],"Assets/Images/Electrican11jpg.jpg":["Assets/Images/Electrican11jpg.jpg"],"Assets/Images/Electrican12.jpg":["Assets/Images/Electrican12.jpg"],"Assets/Images/Electrican13.jpg":["Assets/Images/Electrican13.jpg"],"Assets/Images/Electrican14.jpg":["Assets/Images/Electrican14.jpg"],"Assets/Images/Electrican16.jpg":["Assets/Images/Electrican16.jpg"],"Assets/Images/Electrican17.jpg":["Assets/Images/Electrican17.jpg"],"Assets/Images/Electrican18.jpg":["Assets/Images/Electrican18.jpg"],"Assets/Images/Electrican19.jpg":["Assets/Images/Electrican19.jpg"],"Assets/Images/Electrican2.jpg":["Assets/Images/Electrican2.jpg"],"Assets/Images/Electrican20.jpg":["Assets/Images/Electrican20.jpg"],"Assets/Images/Electrican21.jpg":["Assets/Images/Electrican21.jpg"],"Assets/Images/Electrican22.jpg":["Assets/Images/Electrican22.jpg"],"Assets/Images/Electrican23.jpg":["Assets/Images/Electrican23.jpg"],"Assets/Images/Electrican24.jpg":["Assets/Images/Electrican24.jpg"],"Assets/Images/Electrican25.jpg":["Assets/Images/Electrican25.jpg"],"Assets/Images/Electrican26.jpg":["Assets/Images/Electrican26.jpg"],"Assets/Images/Electrican27.jpg":["Assets/Images/Electrican27.jpg"],"Assets/Images/Electrican28.jpg":["Assets/Images/Electrican28.jpg"],"Assets/Images/Electrican29.jpg":["Assets/Images/Electrican29.jpg"],"Assets/Images/Electrican3.jpg":["Assets/Images/Electrican3.jpg"],"Assets/Images/Electrican4.jpg":["Assets/Images/Electrican4.jpg"],"Assets/Images/Electrican5.jpg":["Assets/Images/Electrican5.jpg"],"Assets/Images/Electrican6.jpg":["Assets/Images/Electrican6.jpg"],"Assets/Images/Electrican7.jpg":["Assets/Images/Electrican7.jpg"],"Assets/Images/Electrican8.jpg":["Assets/Images/Electrican8.jpg"],"Assets/Images/Electrican9.jpg":["Assets/Images/Electrican9.jpg"],"Assets/Images/HomeCleaning.jpg":["Assets/Images/HomeCleaning.jpg"],"Assets/Images/HomeCleaning1.jpg":["Assets/Images/HomeCleaning1.jpg"],"Assets/Images/HomeCleaning2.jpg":["Assets/Images/HomeCleaning2.jpg"],"Assets/Images/HomeCleaning3.jpg":["Assets/Images/HomeCleaning3.jpg"],"Assets/Images/HomeCleaning4.jpg":["Assets/Images/HomeCleaning4.jpg"],"Assets/Images/Logo1.png":["Assets/Images/Logo1.png"],"Assets/Images/Payment.jpeg":["Assets/Images/Payment.jpeg"],"Assets/Images/Payment.jpg":["Assets/Images/Payment.jpg"],"Assets/Images/Plumbing.jpg":["Assets/Images/Plumbing.jpg"],"Assets/Images/Plumbing10.jpg":["Assets/Images/Plumbing10.jpg"],"Assets/Images/Plumbing11.jpg":["Assets/Images/Plumbing11.jpg"],"Assets/Images/Plumbing12.jpg":["Assets/Images/Plumbing12.jpg"],"Assets/Images/Plumbing13.jpg":["Assets/Images/Plumbing13.jpg"],"Assets/Images/Plumbing14.jpg":["Assets/Images/Plumbing14.jpg"],"Assets/Images/Plumbing15.jpg":["Assets/Images/Plumbing15.jpg"],"Assets/Images/Plumbing16.jpg":["Assets/Images/Plumbing16.jpg"],"Assets/Images/Plumbing18.jpg":["Assets/Images/Plumbing18.jpg"],"Assets/Images/Plumbing19.jpg":["Assets/Images/Plumbing19.jpg"],"Assets/Images/Plumbing20.jpg":["Assets/Images/Plumbing20.jpg"],"Assets/Images/Plumbing3.jpg":["Assets/Images/Plumbing3.jpg"],"Assets/Images/Plumbing34.jpg":["Assets/Images/Plumbing34.jpg"],"Assets/Images/Plumbing35.jpg":["Assets/Images/Plumbing35.jpg"],"Assets/Images/Plumbing36.jpg":["Assets/Images/Plumbing36.jpg"],"Assets/Images/Plumbing38.jpg":["Assets/Images/Plumbing38.jpg"],"Assets/Images/Plumbing39.jpg":["Assets/Images/Plumbing39.jpg"],"Assets/Images/Plumbing4.jpg":["Assets/Images/Plumbing4.jpg"],"Assets/Images/Plumbing40.jpg":["Assets/Images/Plumbing40.jpg"],"Assets/Images/Plumbing5.jpg":["Assets/Images/Plumbing5.jpg"],"Assets/Images/Plumbing7.jpg":["Assets/Images/Plumbing7.jpg"],"Assets/Images/Plumbing8.jpg":["Assets/Images/Plumbing8.jpg"],"Assets/Images/Plumbing9.jpg":["Assets/Images/Plumbing9.jpg"],"Assets/Images/Start1.png":["Assets/Images/Start1.png"],"Assets/Images/Start2.png":["Assets/Images/Start2.png"],"Assets/Images/Start3.png":["Assets/Images/Start3.png"],"Assets/Images/back.jpg":["Assets/Images/back.jpg"],"Assets/Images/car1.jpg":["Assets/Images/car1.jpg"],"Assets/Images/car2.jpg":["Assets/Images/car2.jpg"],"Assets/Images/car3.jpg":["Assets/Images/car3.jpg"],"Assets/Images/car4.jpg":["Assets/Images/car4.jpg"],"Assets/Images/car5.jpg":["Assets/Images/car5.jpg"],"Assets/Images/car6.jpg":["Assets/Images/car6.jpg"],"Assets/Images/car7.jpg":["Assets/Images/car7.jpg"],"Assets/Images/icon.png":["Assets/Images/icon.png"],"Assets/fonts/PlaywriteITModerna-VariableFont_wght.ttf":["Assets/fonts/PlaywriteITModerna-VariableFont_wght.ttf"],"packages/cupertino_icons/assets/CupertinoIcons.ttf":["packages/cupertino_icons/assets/CupertinoIcons.ttf"],"packages/font_awesome_flutter/lib/fonts/fa-brands-400.ttf":["packages/font_awesome_flutter/lib/fonts/fa-brands-400.ttf"],"packages/font_awesome_flutter/lib/fonts/fa-regular-400.ttf":["packages/font_awesome_flutter/lib/fonts/fa-regular-400.ttf"],"packages/font_awesome_flutter/lib/fonts/fa-solid-900.ttf":["packages/font_awesome_flutter/lib/fonts/fa-solid-900.ttf"]}